{
  "version": 1,
  "author": "Anonymous maker",
  "editor": "wokwi",
  "parts": [
    { "type": "wokwi-pi-pico", "id": "pico", "top": -0.53, "left": 82.58, "attrs": {} },
    {
      "type": "wokwi-led",
      "id": "led2",
      "top": -13.9,
      "left": -53.05,
      "attrs": { "color": "limegreen" }
    }
  ],
  "connections": [
    [ "pico:GP0", "$serialMonitor:RX", "", [] ],
    [ "pico:GP1", "$serialMonitor:TX", "", [] ],
    [ "led2:A", "pico:GP1", "green", [ "v19.56", "h210.3" ] ],
    [ "led2:C", "pico:GND.2", "black", [ "v71.03", "h224.43" ] ]
  ]
}