{
  "version": 1,
  "author": "Anonymous maker",
  "editor": "wokwi",
  "parts": [
    { "type": "wokwi-pi-pico", "id": "pico", "top": -0.53, "left": 82.58, "attrs": {} },
    {
      "type": "wokwi-led",
      "id": "led3",
      "top": -36.44,
      "left": -81.53,
      "attrs": { "color": "red", "flip": "" }
    },
    {
      "type": "wokwi-pushbutton",
      "id": "btn1",
      "top": 113.48,
      "left": -154.98,
      "attrs": { "color": "green" }
    },
    {
      "type": "wokwi-led",
      "id": "led1",
      "top": -35.39,
      "left": -118.06,
      "attrs": { "color": "yellow" }
    },
    {
      "type": "wokwi-led",
      "id": "led2",
      "top": -33.9,
      "left": -151.72,
      "attrs": { "color": "limegreen" }
    }
  ],
  "connections": [
    [ "pico:GP0", "$serialMonitor:RX", "", [] ],
    [ "pico:GP1", "$serialMonitor:TX", "", [] ],
    [ "led3:A", "pico:GP3", "green", [ "v0" ] ],
    [ "led3:C", "pico:GND.2", "black", [ "v0" ] ],
    [ "btn1:2.r", "pico:GP4", "green", [ "h0" ] ],
    [ "btn1:1.r", "pico:3V3", "red", [ "v-11.18", "h251.56" ] ],
    [ "led1:A", "pico:GP2", "green", [ "v0" ] ],
    [ "led1:C", "pico:GND.2", "black", [ "v0" ] ],
    [ "led2:A", "pico:GP1", "green", [ "v19.56", "h210.3" ] ],
    [ "led2:C", "pico:GND.2", "black", [ "v71.03", "h224.43" ] ]
  ]
}