{
  "version": 1,
  "author": "Anonymous maker",
  "editor": "wokwi",
  "parts": [
    { "type": "wokwi-pi-pico", "id": "pico", "top": 0, "left": 0, "attrs": {} },
    {
      "type": "wokwi-led",
      "id": "led1",
      "top": -9.05,
      "left": -92.98,
      "attrs": { "color": "red" }
    }
  ],
  "connections": [
    [ "pico:GP0", "$serialMonitor:RX", "", [] ],
    [ "pico:GP1", "$serialMonitor:TX", "", [] ],
    [ "led1:A", "pico:GP5", "green", [ "v0" ] ],
    [ "led1:C", "pico:GND.2", "black", [ "v0" ] ]
  ]
}